{
    "lanes": [
        {
            "id": "PLANNED",
            "title": "To do",
            "label": "20/70",
            "cards": [
                {
                    "id": "Milk",
                    "title": "Buy milk",
                    "label": "15 mins",
                    "description": "2 Liters of milk from M.K.Ahmed"
                },
                {
                    "id": "Plan2",
                    "title": "Dispose Garbage",
                    "label": "10 mins",
                    "description": "Sort out recyclable and waste as needed"
                },
                {
                    "id": "Plan4",
                    "title": "Pay Rent",
                    "label": "5 mins",
                    "description": "Transfer to bank account"
                }
            ]
        },
        {
            "id": "In_Progress",
            "title": "In Progress",
            "label": "10/20",
            "cards": [
                {
                    "id": "In_Progress",
                    "title": "Clean House",
                    "label": "30 mins",
                    "description": "Mopping"
                }
            ]
        },
        {
            "id": "COMPLETED",
            "title": "Completed",
            "label": "2/5",
            "cards": [
                {
                    "id": "Completed1",
                    "title": "Practice Meditation",
                    "label": "15 mins",
                    "description": "Use Headspace app"
                },
                {
                    "id": "Completed2",
                    "title": "Maintain Daily Journal",
                    "label": "15 mins",
                    "description": "Use Spreadsheet for now"
                }
            ]
        },
    ]
}